Number,Korean,Translation,Translation2,WordType,
1001,걱정하지 마세요. 모든 것이 잘 될 거예요.,Don't worry. Everything will be fine.
1002,언니가 내년 봄에 결혼해요.,My older sister is getting married next spring.
1003,만약 비가 오면 집에서 쉴 거예요.,If it rains I will rest at home.
1004,그 사람은 성격이 바르고 정직해요.,That person has an upright and honest personality.
1005,세월이 정말 빨리 흘러갑니다.,Time really flies by quickly.
1006,운동을 하고 나서 숨이 차요.,I'm out of breath after exercising.
1007,이번 주말에 학교에서 큰 행사가 있어요.,There is a big event at school this weekend.
1008,실수를 하고 나서야 중요한 것을 깨달았어요.,I only realized what was important after making a mistake.
1009,누나가 오늘 생일이에요.,It's my older sister's birthday today.
1010,그는 신의 존재를 믿고 있습니다.,He believes in the existence of God.
1011,조선 시대에는 왕이 나라를 다스렸습니다.,In the Joseon era the king ruled the country.
1012,날씨가 점점 따뜻해지고 있어요.,The weather is getting warmer and warmer.
1013,질문이 있으면 언제든지 물어보세요.,If you have a question please ask anytime.
1014,오늘은 특별한 날이에요.,Today is a special day.
1015,성급한 판단은 위험할 수 있습니다.,Hasty judgment can be dangerous.
1016,이 문제를 빨리 해결해야 합니다.,We need to solve this problem quickly.
1017,서울에서 부산까지 거리가 꽤 멀어요.,The distance from Seoul to Busan is quite far.
1018,포기하지 말고 계속하세요.,Don't give up and continue.
1019,비가 그치면 산책하러 가자.,Let's go for a walk when the rain stops.
1020,학교 근처에 좋은 식당이 있어요.,There is a good restaurant near the school.
1021,그 소식을 듣고 너무나 기뻤어요.,I was extremely happy to hear that news.
1022,교육의 질을 높이기 위해 노력하고 있습니다.,We are working to raise the quality of education.
1023,시험에서 부정 행위를 하면 안 됩니다.,You must not commit injustice during exams.
1024,개인적인 사정으로 참석하지 못했습니다.,I could not attend due to personal circumstances.
1025,도대체 무슨 일이 있었던 거예요?,What on earth happened?
1026,물건을 막 던지면 안 돼요.,You shouldn't throw things around carelessly.
1027,부모님께 자주 전화 드려요.,I call my parents often.
1028,한국의 반도체 수출이 증가하고 있습니다.,Korea's semiconductor exports are increasing.
1029,할머니는 지금 집에 계세요.,Grandmother is at home right now.
1030,그 사람을 어디서 만났어요?,Where did you meet that person?
1031,종이를 가위로 자르세요.,Cut the paper with scissors.
1032,아이를 데리고 공원에 갔어요.,I went to the park accompanied by the child.
1033,우리 집에 고양이 두 마리가 있어요.,We have two cats at our house.
1034,오늘 날씨가 무척 좋네요.,The weather is extremely nice today.
1035,여행 비용이 생각보다 많이 들었어요.,The travel expenses were more than I expected.
1036,비행기를 타고 제주도에 갈 거예요.,I'm going to Jeju Island by airplane.
1037,네 말이 옳다고 생각해요.,I think what you said is right.
1038,이 건물은 원래 학교였습니다.,This building was originally a school.
1039,서류 처리가 아직 끝나지 않았어요.,The document handling is not finished yet.
1040,이것은 한국 최초의 인공위성입니다.,This is Korea's first artificial satellite.
1041,네 꼴이 지금 뭐니?,What kind of state are you in right now?
1042,아이들이 놀이터에서 놀이를 하고 있어요.,The children are playing games at the playground.
1043,이 나무의 뿌리가 아주 깊어요.,The roots of this tree are very deep.
1044,석유 수입 가격이 올랐습니다.,The price of oil imports has risen.
1045,회의 초부터 분위기가 좋았어요.,The atmosphere was good from the beginning of the meeting.
1046,그리하여 두 나라는 평화 협정을 맺었습니다.,And so the two countries signed a peace agreement.
1047,낮에는 일하고 밤에는 공부해요.,I work during the daytime and study at night.
1048,내일 일찍 일어나야 해요.,I have to wake up early tomorrow.
1049,이 회사의 직원은 모두 친절합니다.,All the staff at this company are friendly.
1050,여권에 도장을 찍었습니다.,I stamped the passport with a seal.
1051,이 가방은 정말 가벼워요.,This bag is really light.
1052,건물 내부가 아주 넓어요.,The inside of the building is very spacious.
1053,오늘은 다소 추운 편이에요.,It is more or less cold today.
1054,경기에서 상대가 아주 강했습니다.,The rival was very strong in the match.
1055,오전에 회의가 있어요.,There is a meeting in the morning.
1056,겨울에는 피부가 건조해져요.,In winter the skin gets dry.
1057,집 앞에 작은 가게가 하나 있어요.,There is a small store in front of my house.
1058,방에 꽃향기가 가득해요.,The room is full of the scent of flowers.
1059,저는 그저 행복하게 살고 싶어요.,I just want to live happily.
1060,오늘 기온이 영하 5도까지 내려갔어요.,The temperature dropped to minus 5 degrees today.
1061,벽에 그림을 걸었어요.,I hung a painting on the wall.
1062,이순신 장군은 한국의 영웅입니다.,General Yi Sun-sin is a hero of Korea.
1063,한국과 미국 간의 무역이 활발합니다.,Trade between Korea and the United States is active.
1064,경제적 부담이 너무 커요.,The financial burden is too heavy.
1065,친구와 저녁 약속이 있어요.,I have a dinner appointment with a friend.
1066,한국에서는 인사할 때 고개를 숙입니다.,In Korea people bow their heads when greeting.
1067,사람들이 긴 줄을 서서 기다리고 있었어요.,People were waiting in a long line.
1068,그녀는 하늘을 쳐다보며 한숨을 쉬었어요.,She looked up at the sky and sighed.
1069,시험 준비를 충분히 했어요.,I prepared enough for the exam.
1070,규칙적인 운동은 신체 건강에 좋습니다.,Regular exercise is good for body health.
1071,태양 에너지를 이용하는 집이 늘고 있어요.,The number of houses using solar energy is increasing.
1072,그는 교육 위원으로 선출되었습니다.,He was elected as a member of the education committee.
1073,방을 깨끗하게 정리했어요.,I tidied up the room neatly.
1074,집안 일을 도와주세요.,Please help with the housework.
1075,이 영화의 배경은 1950년대 서울입니다.,The background of this movie is 1950s Seoul.
1076,살충제로 벌레를 죽였어요.,I killed the bugs with insecticide.
1077,문제가 생각보다 단순해요.,The problem is simpler than I thought.
1078,저는 그 계획에 반대합니다.,I am opposed to that plan.
1079,자연에는 변하지 않는 법칙이 있습니다.,There are unchanging laws in nature.
1080,그는 게임에 빠져서 공부를 안 해요.,He is addicted to games and doesn't study.
1081,음식에 소금을 조금만 넣으세요.,Put just a little salt in the food.
1082,환경 오염이 심각한 문제입니다.,Environmental pollution is a serious problem.
1083,자전거를 타고 출근해요.,I ride a bicycle to work.
1084,많은 학생들이 봉사 활동에 참여했습니다.,Many students participated in the volunteer activity.
1085,실패한 것은 모두 내 탓이에요.,The failure is all my fault.
1086,가을인데도 나무가 아직 푸르러요.,Even though it's autumn the trees are still green.
1087,걔가 오늘 학교에 안 왔어요.,That kid didn't come to school today.
1088,"그래, 네 말이 맞아.","Yes, you're right."
1089,하루 종일 컴퓨터를 해서 목이 아파요.,My neck hurts from using the computer all day.
1090,내일 중요한 발표가 있어요.,There is an important announcement tomorrow.
1091,범죄를 예방하기 위해 노력해야 합니다.,We must work to prevent crime.
1092,그 학생은 반에서 1위를 했어요.,That student ranked first in the class.
1093,바람이 나뭇가지를 흔들고 있어요.,The wind is shaking the tree branches.
1094,기초가 튼튼해야 건물이 안전합니다.,The building is safe when the foundation is solid.
1095,그의 주장에는 논리가 부족합니다.,His argument lacks logic.
1096,이가 아파서 치과에서 이를 뽑았어요.,My tooth hurt so I had it pulled at the dentist.
1097,담배를 피우면 건강에 나빠요.,Smoking is bad for your health.
1098,그녀는 패션 감각이 뛰어나요.,She has an excellent sense of fashion.
1099,미리 예약하지 않으면 자리가 없어요.,If you don't reserve beforehand there are no seats.
1100,시간이 부족해서 다 못 끝냈어요.,I couldn't finish everything because time was short.
1101,저희 회사는 서울에 있습니다.,Our company is located in Seoul.
1102,회의가 순조롭게 진행되고 있습니다.,The meeting is progressing smoothly.
1103,서울의 교통이 매우 복잡해요.,The traffic in Seoul is very congested.
1104,국제 기구에서 일하고 싶어요.,I want to work at an international organization.
1105,김치 만드는 법을 배우고 싶어요.,I want to learn the method for making kimchi.
1106,오랜 친구를 오늘 다시 만났어요.,I met an old friend again today.
1107,요즘 젊은이들은 창업에 관심이 많아요.,Young people these days are very interested in starting businesses.
1108,대통령 후보가 세 명이에요.,There are three presidential candidates.
1109,거리에 사람들이 많았어요.,There were many people on the street.
1110,오늘까지 과제를 제출해야 해요.,I have to submit my homework by today.
1111,그 주장에는 과학적 근거가 있습니다.,That claim has a scientific basis.
1112,일기장에 매일 하루를 기록해요.,I record each day in my diary every day.
1113,시험 날짜가 점점 다가오고 있어요.,The exam date is gradually approaching.
1114,밖에서 바람이 세게 불고 있어요.,The wind is blowing hard outside.
1115,다양한 시각에서 문제를 바라봐야 합니다.,You need to look at the problem from various perspectives.
1116,그가 팀을 승리로 이끌었어요.,He led the team to victory.
1117,여러 의견을 종합하여 결정했습니다.,We made a decision by synthesizing various opinions.
1118,한글은 세종대왕이 만들었습니다.,Hangeul was created by King Sejong.
1119,가을에는 단풍이 아름다워요.,The autumn leaves are beautiful in fall.
1120,새로운 기술을 개발하는 데 3년이 걸렸어요.,It took three years to develop the new technology.
1121,내일 날씨가 좋을 거예요.,The weather will be nice tomorrow.
1122,저는 매일 아침 운동을 해요.,I exercise every morning.
1123,손가락을 다쳐서 글을 쓸 수 없어요.,I can't write because I hurt my finger.
1124,목적을 위해 어떤 수단이든 사용했어요.,They used any means for their purpose.
1125,"자, 이제 시작합시다!","Well, let's start now!"
1126,주말에는 자유롭게 시간을 보내요.,I spend time freely on weekends.
1127,그녀는 적극적인 태도로 일에 임합니다.,She approaches work with a positive attitude.
1128,이 가게는 유기농 채소를 판매합니다.,This store sells organic vegetables.
1129,좋은 습관의 형성이 중요합니다.,The formation of good habits is important.
1130,선생님의 말씀에 귀를 기울이세요.,Listen carefully to the teacher's words.
1131,이 다리의 길이가 2킬로미터예요.,The length of this bridge is 2 kilometers.
1132,영화의 마지막 장면이 인상적이었어요.,The last scene of the movie was impressive.
1133,경제가 점차 회복되고 있습니다.,The economy is gradually recovering.
1134,그 트럭은 5톤까지 실을 수 있어요.,That truck can carry up to 5 tons.
1135,이 사건은 정치와 관련되어 있습니다.,This incident is related to politics.
1136,이 호텔은 5성급입니다.,This hotel is a 5-star grade.
1137,하나만 가지고 나머지는 돌려주세요.,Take one and return the rest please.
1138,오늘 날씨가 정말 좋네요.,The weather is really nice today.
1139,친구와 더불어 여행을 떠났어요.,I set off on a trip together with a friend.
1140,의사 선생님이 약을 처방해 주셨어요.,The doctor prescribed medicine for me.
1141,도서관이 주말에도 개방됩니다.,The library is open on weekends too.
1142,할아버지는 아흔 살인데도 건강하세요.,My grandfather is healthy even though he is ninety years old.
1143,미래를 위해 지금 열심히 공부해야 해요.,You have to study hard now for the future.
1144,"앞서 말씀드린 것처럼, 일정이 변경되었습니다.","As I mentioned before, the schedule has been changed."
1145,"여러분, 조용히 해 주세요.","Everyone, please be quiet."
1146,왜냐하면 오늘 비가 올 예정이기 때문이에요.,Because it is expected to rain today.
1147,서울의 인구는 약 천만 명이에요.,The population of Seoul is about ten million.
1148,좋은 결과를 기대하고 있어요.,I am looking forward to good results.
1149,네가 좋아하는 음식이 뭐야?,What is the food you like?
1150,공항에 무사히 도착했습니다.,I arrived safely at the airport.
1151,병이 나으려면 충분히 쉬어야 해요.,You need to rest enough to recover from sickness.
1152,새 소프트웨어를 설치했어요.,I installed new software.
1153,감동적인 영화를 보고 눈물을 흘렸어요.,I shed tears after watching a moving movie.
1154,관객들의 반응이 매우 좋았어요.,The audience's reaction was very positive.
1155,이 소설의 주인공은 열여섯 살 소녀예요.,The heroine of this novel is a sixteen-year-old girl.
1156,부모님을 공경하는 것은 당연해요.,It is natural to respect your parents.
1157,그의 작품은 많은 비판을 받았습니다.,His work received a lot of criticism.
1158,도서관에서 책을 빌렸어요.,I borrowed a book from the library.
1159,젊은 세대와 어른 세대의 생각이 다릅니다.,The younger generation and the older generation think differently.
1160,한국 사람들은 축구를 좋아해요.,Korean people like football.
1161,"형님, 오랜만에 뵙겠습니다.","Elder brother, it's been a long time since I last saw you."
1162,책상 위에 편지가 놓여 있었어요.,A letter was placed on the desk.
1163,당장 여기서 나가세요.,Get out of here immediately.
1164,해가 질 무렵 산책을 나갔어요.,I went for a walk around the time the sun was setting.
1165,그 학생의 미래가 밝아 보여요.,That student's future looks promising.
1166,아이들은 사물에 대한 호기심이 많아요.,Children have a lot of curiosity about objects.
1167,일반적으로 한국 사람들은 밥을 먹습니다.,Generally Korean people eat rice.
1168,모임 장소를 아직 정하지 못했어요.,We haven't decided on the meeting place yet.
1169,할머니의 마음씨가 곱습니다.,Grandmother has a beautiful heart.
1170,바닥이 미끄러우니 조심하세요.,Be careful because the floor is slippery.
1171,고양이가 새끼를 네 마리 낳았어요.,The cat gave birth to four kittens.
1172,그의 의견이 옳다고 생각됩니다.,I have come to think his opinion is correct.
1173,이 식당의 서비스가 매우 좋아요.,The service at this restaurant is very good.
1174,두 가지 중 하나를 선택하세요.,Choose one of the two options.
1175,마당에 나무를 심었어요.,I planted a tree in the yard.
1176,중요한 내용을 수첩에 적었어요.,I wrote down the important information in my notebook.
1177,감기에 걸려서 코가 막혔어요.,I have a stuffy nose because I caught a cold.
1178,이 요리는 만들기가 간단해요.,This dish is simple to make.
1179,저는 고등학교 때 축구를 했어요.,I played football when I was in high school.
1180,정부가 정보를 공개했습니다.,The government made the information public.
1181,교실에 학생들이 30명 있어요.,There are 30 students in the classroom.
1182,이 문제는 스스로 해결해 보세요.,Try to solve this problem by yourself.
1183,힘든 시간을 잘 견뎌 냈어요.,I endured the difficult times well.
1184,오늘 신문 기사를 읽었어요.,I read a newspaper article today.
1185,퇴근 시간에 길이 많이 막혀요.,The road gets very congested during rush hour.
1186,소셜 매체의 영향력이 커지고 있어요.,The influence of social media is growing.
1187,오늘 밤에 별이 참 많이 보여요.,There are so many stars visible tonight.
1188,서울의 지하철 노선도가 복잡해요.,Seoul's subway map is complicated.
1189,꽃에 물을 뿌렸어요.,I sprinkled water on the flowers.
1190,이 연구는 새로운 영역을 개척했습니다.,This research pioneered a new territory.
1191,한국 문화 체험 프로그램에 참가했어요.,I joined a Korean cultural experience program.
1192,경찰이 범인을 구속했습니다.,The police arrested the criminal.
1193,어쩌면 그가 맞을 수도 있어요.,It is possible that he might be right.
1194,어려움을 극복하고 성공했습니다.,I overcame the difficulties and succeeded.
1195,불법 주차를 하면 벌금을 내야 해요.,You have to pay a fine for illegal parking.
1196,이것은 우리만의 비밀이에요.,This is a secret just between us.
1197,무슨 색을 좋아하세요?,What color do you like?
1198,이 도구는 요리할 때 쓰여요.,This tool is used when cooking.
1199,매일 일정한 시간에 운동해요.,I exercise at a regular time every day.
1200,새해 결심을 다시 한번 다졌어요.,I firmed up my New Year's resolution once more.
1201,아까 전화가 왔는데 못 받았어요.,A phone call came a little while ago but I could not answer it.
1202,이 옷은 제 체형에 알맞아요.,These clothes fit my body type well.
1203,정치적 이념의 차이로 갈등이 생겼다.,Conflict arose due to differences in political ideology.
1204,그녀는 피부가 눈처럼 희다.,Her skin is as white as snow.
1205,선생님이 지도에서 서울을 가리켰다.,The teacher pointed to Seoul on the map.
1206,할머니를 모시고 병원에 갔습니다.,I accompanied my grandmother to the hospital.
1207,기술의 발달로 생활이 편리해졌다.,Life has become convenient due to the development of technology.
1208,수많은 사람들이 광장에 모였다.,Countless people gathered in the square.
1209,시험을 치르고 나니 마음이 편했다.,I felt relieved after taking the exam.
1210,우리는 모두 평화를 원합니다.,We all want peace.
1211,옆 건물에서 공사가 한창이다.,Construction is in full swing at the building next door.
1212,그는 물리학 박사 학위를 받았다.,He received a doctoral degree in physics.
1213,성에 관계없이 모두 평등하다.,Everyone is equal regardless of gender.
1214,이 분야의 전문가에게 상담을 받았다.,I received consultation from a specialist in this field.
1215,단지 궁금해서 물어본 것뿐이에요.,I asked merely out of curiosity.
1216,할아버지께서 중요한 이야기를 말씀하셨다.,My grandfather spoke about an important matter.
1217,그녀는 어릴 때부터 무용을 배웠다.,She learned dancing from a young age.
1218,이 지역은 한국의 제주도로 불린다.,This area is called the Jeju Island of Korea.
1219,형제 사이에 싸움이 자주 일어났다.,Fights frequently occurred between the siblings.
1220,자꾸 같은 실수를 반복하지 마세요.,Do not keep repeating the same mistake.
1221,어머니가 아침 식사를 차려 주셨다.,My mother prepared breakfast for us.
1222,해외여행을 가려면 여권이 필요합니다.,You need a passport to travel abroad.
1223,날씨가 그리 춥지 않았다.,The weather was not that cold.
1224,문화재를 보호하는 것은 우리의 의무입니다.,Protecting cultural assets is our duty.
1225,그녀는 따뜻한 미소를 지었다.,She gave a warm smile.
1226,보통 아침 일곱 시에 일어납니다.,I usually wake up at seven in the morning.
1227,점심에 학교 앞 식당에서 먹자.,Let us eat at the restaurant in front of the school for lunch.
1228,이 결과는 성공을 의미한다.,This result signifies success.
1229,졸업한 이래 한 번도 만나지 못했다.,I have not met them once since graduation.
1230,오늘 체육 시간에 축구를 했다.,We played soccer during physical education class today.
1231,이 위원회는 열 명으로 구성되어 있다.,This committee is organized with ten members.
1232,그 식당은 분위기가 매우 독특하다.,That restaurant has a very unique atmosphere.
1233,성공적인 사례를 참고하여 계획을 세웠다.,We made a plan by referring to successful cases.
1234,친구를 부모님께 소개했다.,I introduced my friend to my parents.
1235,사업이 잘되어서 기분이 좋다.,I am in a good mood because the business is going well.
1236,정부가 새로운 정책을 추진하고 있다.,The government is driving forward a new policy.
1237,칠월에는 장마가 시작됩니다.,The rainy season starts in July.
1238,사고의 틀을 바꿔야 합니다.,You need to change your framework of thinking.
1239,이번 시험의 평균 점수는 75점이었다.,The average score on this exam was 75 points.
1240,군인들이 매일 힘든 훈련을 받는다.,Soldiers undergo tough training every day.
1241,시대의 흐름에 맞춰 변화해야 한다.,We must change in accordance with the current of the times.
1242,십이월에는 크리스마스가 있다.,Christmas is in December.
1243,책상 위에 서류가 쌓여 있다.,Documents are piled up on the desk.
1244,회사의 이익이 작년보다 증가했다.,The company profit increased compared to last year.
1245,아이가 엄마의 손을 꼭 쥐었다.,The child held the mother hand tightly.
1246,커피 한 컵 마실래요?,Would you like to have a cup of coffee?
1247,게다가 날씨까지 나빠서 외출을 못 했다.,In addition the weather was bad so I could not go out.
1248,라면을 끓여서 먹었다.,I boiled ramen and ate it.
1249,졸업 논문을 쓰느라 바쁘다.,I am busy writing my graduation thesis.
1250,비가 갑자기 멈추었다.,The rain suddenly stopped.
1251,이 건물은 현재 사무실로 사용되고 있다.,This building is currently being used as an office.
1252,오랫동안 기다렸지만 아무도 오지 않았다.,I waited for a long time but nobody came.
1253,회사가 심각한 경영 위기에 처했다.,The company faced a serious management crisis.
1254,새로운 정당이 창당되었다.,A new political party was founded.
1255,종이에 이름을 적어 주세요.,Please write your name on the paper.
1256,친구 집을 찾아갔다.,I went to visit my friend house.
1257,어떤 상황에서도 폭력은 정당화될 수 없다.,Violence cannot be justified in any situation.
1258,혹시 시간이 있으면 만날 수 있을까요?,By any chance could we meet if you have time?
1259,한국어 실력이 많이 늘었다.,My Korean skills have increased a lot.
1260,음식의 양이 너무 많다.,The quantity of food is too much.
1261,입학 절차가 복잡하다.,The admission process is complicated.
1262,어머니는 지금 집에 계신다.,My mother is at home right now.
1263,산에서는 공기가 맑다.,The air is clean in the mountains.
1264,손이 닿지 않는 곳에 물건이 있다.,The item is in a place my hand cannot reach.
1265,저는 마케팅 부서에 속해 있습니다.,I belong to the marketing department.
1266,올림픽에 출전하는 것이 그의 꿈이다.,Competing in the Olympics is his dream.
1267,이것 이외에 다른 방법이 있을까요?,Is there another method apart from this?
1268,이 영화는 재미가 없다.,This movie has no fun.
1269,호텔에서 무료 조식을 제공한다.,The hotel offers a free breakfast.
1270,인구가 빠르게 증가하고 있다.,The population is increasing rapidly.
1271,부모님의 기대에 부응하고 싶다.,I want to live up to my parents expectations.
1272,방에 식물을 키우면 공기가 좋아진다.,Growing plants in the room improves the air.
1273,옛 친구를 오랜만에 만났다.,I met an old friend after a long time.
1274,그는 큰 소리로 이름을 외쳤다.,He shouted the name loudly.
1275,적어도 하루에 한 시간은 운동해야 한다.,You should exercise at least one hour a day.
1276,이 의자는 앉기에 매우 편하다.,This chair is very comfortable to sit in.
1277,우리 집은 삼십 평 정도 됩니다.,Our house is about thirty pyeong.
1278,모든 시민은 투표할 권리가 있다.,Every citizen has the right to vote.
1279,오늘 안에 이 일을 끝내야 한다.,I have to finish this work within today.
1280,선생님의 질문에 대답을 하지 못했다.,I could not give an answer to the teacher question.
1281,좋은 시작이 반이다.,A good beginning is half the battle.
1282,많은 어려움을 극복하고 성공했다.,I succeeded by overcoming many difficulties.
1283,일주일에 세 번 운동을 합니다.,I exercise three times a week.
1284,천연 자원을 아껴 써야 합니다.,We should use natural resources sparingly.
1285,음악에 맞춰 춤을 추었다.,I danced to the music.
1286,책의 다음 페이지를 넘겼다.,I turned to the next page of the book.
1287,어두운 곳에서 물체를 구별하기 어렵다.,It is difficult to distinguish objects in dark places.
1288,분명히 여기에 두었는데 없어졌다.,I clearly put it here but it disappeared.
1289,시민들이 거리에서 시위를 벌였다.,Citizens held a demonstration on the streets.
1290,냉장고에 아무것도 없다.,There is nothing in the refrigerator.
1291,온 세상이 하얗게 변했다.,The whole world turned white.
1292,갑자기 비가 와서 옷이 다 젖었다.,It suddenly rained and all my clothes got soaked.
1293,음료를 제외하고 모두 주문했다.,We ordered everything except drinks.
1294,이번 할인의 최대 혜택을 받으세요.,Get the greatest benefit from this discount.
1295,그는 평소에 운동을 열심히 한다.,He exercises hard on ordinary days.
1296,이 문제에 대한 견해가 다르다.,We have different views on this issue.
1297,방을 깨끗하게 청소했다.,I cleaned the room to make it spotless.
1298,할아버지는 평생 농사를 지으셨다.,My grandfather farmed his entire life.
1299,경제적 안정을 위해 저축을 한다.,I save money for economic stability.
1300,어둠 속에서 길을 찾기 어려웠다.,It was hard to find the way in the darkness.
1301,방이 너무 어두워서 불을 켰다.,The room was too dark so I turned on the light.
1302,어쨌든 결과는 좋았으니 다행이다.,In any case the result was good so that is a relief.
1303,정부가 서민 주택 공급을 늘리겠다고 했다.,The government said it would increase housing supply for ordinary
citizens.
1304,이곳은 사과의 고장으로 유명하다.,This place is famous as an apple-producing district.
1305,이 사건과 관련한 증거가 발견되었다.,Evidence related to this case was discovered.
1306,그녀의 독특한 패션이 눈길을 끌었다.,Her unique fashion drew people attention.
1307,모르는 것이 있으면 물어보세요.,If there is something you do not know please ask.
1308,늦어서 정말 미안합니다.,I am really sorry for being late.
1309,문을 세게 밀어서 열었다.,I pushed the door hard and opened it.
1310,요즘 스트레스를 많이 받고 있다.,I have been getting a lot of stress lately.
1311,"음, 그건 좀 생각해 봐야겠다.","Hmm, I need to think about that a bit."
1312,만나면 먼저 인사를 하는 것이 예의입니다.,It is polite to greet someone first when you meet them.
1313,기회가 주어지면 꼭 도전하겠다.,If an opportunity is given I will definitely take on the challenge.
1314,여러 가지 상황을 고려하여 결정했다.,I decided after considering various situations.
1315,매일 신선한 과일을 먹는 것이 좋다.,It is good to eat fresh fruit every day.
1316,이 사실은 널리 알려져 있다.,This fact is widely known.
1317,많은 젊은이들이 농촌을 떠나고 있다.,Many young people are leaving farm villages.
1318,산 정상까지 올라오는 데 두 시간 걸렸다.,It took two hours to come up to the mountain top.
1319,외출할 때 우산을 챙겨 가세요.,Take an umbrella with you when you go out.
1320,마음에 드는 색을 골라 주세요.,Please choose a color you like.
1321,얼굴에 선크림을 발랐다.,I applied sunscreen on my face.
1322,두 사람 사이의 격차가 점점 벌어지고 있다.,The gap between the two people is gradually widening.
1323,이 소설은 역사적 사건을 소재로 삼았다.,This novel used a historical event as its subject matter.
1324,경제 전망이 밝지 않다.,The economic prospect is not bright.
1325,절대 꿈을 포기하지 마세요.,Never give up on your dreams.
1326,오랜 시간에 걸쳐 문화가 형성되었다.,Culture was formed over a long period of time.
1327,고장 난 컴퓨터를 고쳤다.,I fixed the broken computer.
1328,벽에 긴 그림자가 비쳤다.,A long shadow was cast on the wall.
1329,밤사이에 눈이 많이 내렸다.,A lot of snow fell overnight.
1330,최선을 다해서 노력했다.,I tried my best with all my effort.
1331,마침내 오랜 꿈을 이루었다.,I finally achieved my long-held dream.
1332,두 제품의 가격을 비교해 보았다.,I compared the prices of the two products.
1333,시월에는 단풍이 아름답다.,The autumn leaves are beautiful in October.
1334,아이가 하루하루 커지고 있다.,The child is getting bigger day by day.
1335,한쪽으로 비켜 주세요.,Please move to one side.
1336,건강 검사를 받으러 병원에 갔다.,I went to the hospital to get a health examination.
1337,회의에서 최종 결론을 내렸다.,We reached a final conclusion at the meeting.
1338,아이를 할머니께 맡기고 출근했다.,I entrusted my child to my grandmother and went to work.
1339,주말에 국립 박물관을 방문했다.,I visited the national museum on the weekend.
1340,그 소문은 사실이 아니었다.,That rumor was not true.
1341,트럭에 짐을 싣고 출발했다.,We loaded the luggage onto the truck and departed.
1342,벽돌을 높이 쌓아 담을 만들었다.,We piled up bricks high to build a wall.
1343,"어서 오세요, 기다리고 있었어요.","Welcome, I have been waiting for you."
1344,자녀 교육에 관심이 많다.,I am very interested in my children education.
1345,이 책의 제목이 뭐예요?,What is the title of this book?
1346,나쁜 짓을 하면 안 됩니다.,You must not do bad things.
1347,법원이 무죄 판결을 내렸다.,The court delivered a not-guilty judgment.
1348,팔월에 가족 여행을 갈 계획이다.,I plan to go on a family trip in August.
1349,눈이 와서 세상이 하얗게 변했다.,It snowed and the world turned white.
1350,희망을 잃지 않고 계속 노력했다.,I kept trying without losing hope.
1351,가방에 책과 노트를 넣었다.,I put books and notebooks in the bag.
1352,그는 작년에 군대에 입대했다.,He enlisted in the army last year.
1353,노력한 그만큼 좋은 결과를 얻었다.,I got good results to that extent of my effort.
1354,무어라 말해야 할지 모르겠다.,I do not know what to say.
1355,직접 경험하고 나서야 비로소 이해했다.,I understood for the first time only after experiencing it myself.
1356,상대방의 입장에서 생각해 보세요.,Try thinking from the other person perspective.
1357,서구 문화의 영향을 많이 받았다.,It was greatly influenced by Western European culture.
1358,이 건물은 개인 소유입니다.,This building is in private possession.
1359,주말마다 시골에 내려간다.,I go down to the countryside every weekend.
1360,작은 실수가 큰 문제를 일으켰다.,A small mistake caused a big problem.
1361,계획이 잘못되어 처음부터 다시 시작했다.,The plan went wrong so we started over from the beginning.
1362,적절한 치료를 받으면 빨리 나을 수 있다.,You can recover quickly if you receive proper medical treatment.
1363,이 천의 폭이 좀 좁다.,The width of this fabric is a bit narrow.
1364,잡지 최신 호를 구입했다.,I purchased the latest issue of the magazine.
1365,창문 밖으로 손을 내밀었다.,I pushed my hand out of the window.
1366,공에 맞아서 머리가 아팠다.,My head hurt from being hit by the ball.
1367,이 회사는 여러 부문으로 나뉘어 있다.,This company is divided into several departments.
1368,이 드라마 시리즈가 인기를 끌고 있다.,This drama series is gaining popularity.
1369,언니가 임신 소식을 알려 주었다.,My older sister told us the news of her pregnancy.
1370,도둑이 경찰에게 잡혔다.,The thief was caught by the police.
1371,회사 규정을 반드시 지켜야 합니다.,You must follow the company regulations.
1372,고기 삼백 그램을 주세요.,Please give me three hundred grams of meat.
1373,할머니가 밭에서 채소를 기르신다.,My grandmother grows vegetables in the field.
1374,전문가가 데이터를 분석하고 있다.,The expert is analyzing the data.
1375,우리 식구는 모두 네 명입니다.,There are four members in our family.
1376,아예 처음부터 다시 해 봅시다.,Let us just start over from the very beginning.
1377,이 일을 어찌 해야 할지 모르겠다.,I do not know how to deal with this matter.
1378,종을 크게 울렸다.,I rang the bell loudly.
1379,이 약은 빠르게 작용한다.,This medicine works quickly.
1380,그 정보가 확실한지 다시 확인해 보세요.,Check again whether that information is certain.
1381,교통 환경 개선이 시급하다.,Improvement of the transportation environment is urgent.
1382,그릇을 설거지해서 정리했다.,I washed the dishes and organized them.
1383,이 글자가 너무 작아서 읽기 어렵다.,These letters are too small to read.
1384,서로 존중하는 태도가 바람직하다.,An attitude of mutual respect is desirable.
1385,과학자들이 새로운 치료법을 연구하고 있다.,Scientists are researching new treatments.
1386,그 아이는 성격이 매우 착하다.,That child has a very nice personality.
1387,우리 집에는 개 한 마리가 있다.,There is one dog in our house.
1388,서울의 부동산 가격이 계속 오르고 있다.,Real estate prices in Seoul keep rising.
1389,그리스 신화에 관한 책을 읽었다.,I read a book about Greek myths.
1390,"양 선생님, 안녕하세요.","Hello, Miss Yang."
1391,하얀 셔츠에 검은 점이 묻었다.,A dark spot got on the white shirt.
1392,당신의 직업은 무엇입니까?,What is your occupation?
1393,올해 농작물을 풍성하게 거두었다.,We gathered a plentiful harvest of crops this year.
1394,여름 방학에 여행을 갈 예정이다.,I plan to travel during summer vacation.
1395,시험 범위가 너무 넓어서 걱정이다.,I am worried because the exam range is too broad.
1396,우리 조상들의 지혜를 배워야 한다.,We should learn from the wisdom of our ancestors.
1397,대학에서 철학을 전공했다.,I majored in philosophy at university.
1398,그녀는 검은 머리카락이 아름답다.,Her black hair is beautiful.
1399,항상 네 곁에 있을게.,I will always be by your side.
1400,이 문제를 해결하려면 근본적인 변화가 필요하다.,Fundamental change is needed to solve this problem.
1401,너희 둘 다 내일 시험 준비는 잘 하고 있니?,Are you guys both preparing well for tomorrow exam?
1402,대형 마트에서 장을 보면 가격이 더 저렴하다.,Shopping at a large mart is cheaper.
1403,이 계획의 문제점을 먼저 파악해야 합니다.,We need to identify the problems with this plan first.
1404,본격적인 여름이 시작되면서 해변이 붐비기 시작했다.,As full-scale summer began the beaches started to get
crowded.
1405,이 조건에서는 성공이 불가능하다고 생각합니다.,I think success is impossible under these conditions.
1406,그 소식은 모든 사람에게 큰 충격을 주었다.,That news was a big shock to everyone.
1407,소문이 학교 전체에 빠르게 퍼졌다.,The rumor spread quickly throughout the entire school.
1408,금방 먹은 밥인데 벌써 배가 고프다.,I just ate but I am already hungry again.
1409,제주도는 한국의 남쪽에 위치해 있다.,Jeju Island is located in the south of Korea.
1410,엘리베이터 버튼을 눌러 주세요.,Please press the elevator button.
1411,그녀는 대학에서 미술을 전공했다.,She majored in fine arts in college.
1412,왕은 백성의 목소리에 귀를 기울여야 한다.,A king must listen to the voice of the common people.
1413,이번 프로젝트는 상당히 복잡한 편이다.,This project is fairly complex.
1414,이 꽃은 색깔이 참 다양하다.,This flower has really diverse colors.
1415,어머니의 요리 솜씨는 정말 대단하다.,My mother cooking skills are truly amazing.
1416,이 식당은 칼국수로 유명하다.,This restaurant is famous for its knife-cut noodles.
1417,자네가 이 일을 맡아 주면 좋겠네.,I would like you to take charge of this work.
1418,오늘은 기가 없어서 일찍 쉬려고 한다.,I have no energy today so I plan to rest early.
1419,그 영화는 꽤 재미있었다.,That movie was fairly entertaining.
1420,이 지역에는 외국인 관광객이 많다.,There are many foreign tourists in this area.
1421,버스를 한참 동안 기다렸지만 오지 않았다.,I waited for the bus for quite a while but it did not come.
1422,그 나라는 군사 훈련을 강화하고 있다.,That country is strengthening its military training.
1423,건강을 위해 담배를 끊었다.,I quit smoking for my health.
1424,해가 산 너머로 넘어갔다.,The sun went over the mountain.
1425,그릇에 따뜻한 국이 담겨 있었다.,Warm soup was placed in the bowl.
1426,아이들이 마당에서 뛰어놀고 있다.,The children are running around playing in the garden.
1427,사장님 부인께서 직접 오셨습니다.,The president wife came in person.
1428,약속 시간에 늦지 않으려면 서둘러야 한다.,We need to hurry if we do not want to be late for the appointment.
1429,선생님의 지적 덕분에 실수를 고칠 수 있었다.,Thanks to the teacher pointing out I was able to fix the
mistake.
1430,체육 시간에 짝을 지어 운동했다.,We paired up and exercised during PE class.
1431,참으로 아름다운 풍경이었다.,It was truly a beautiful scenery.
1432,준비할 시간이 충분하니 걱정하지 마세요.,There is sufficient time to prepare so do not worry.
1433,합격 소식을 듣고 너무 기뻤다.,I was so happy to hear the news of passing.
1434,오늘 숙제가 너무 많아서 밤늦게까지 했다.,There was so much homework today that I worked until late at night.
1435,시험을 앞두고 긴장이 되기 시작했다.,I started getting nervous with the exam ahead.
1436,이번 프로젝트의 예산이 부족합니다.,The budget for this project is insufficient.
1437,시장에는 온갖 종류의 과일이 있었다.,There were all kinds of fruit at the market.
1438,경기 침체에 대한 우려가 커지고 있다.,Concerns about the economic recession are growing.
1439,비가 올 것 같으니 우산을 가져가세요.,It looks like it will rain so take an umbrella.
1440,아이의 탄생은 온 가족에게 큰 기쁨이었다.,The birth of the child was a great joy to the whole family.
1441,이 호수의 깊이는 약 30미터이다.,The depth of this lake is about 30 meters.
1442,크리스마스를 맞아 집을 예쁘게 꾸몄다.,We decorated the house beautifully for Christmas.
1443,운동 시간을 조금씩 늘려 나가고 있다.,I am gradually increasing my exercise time.
1444,오래 앉아 있었더니 무릎이 아프다.,My knees hurt from sitting for a long time.
1445,새로운 유적지가 공사 현장에서 발견되었다.,A new archaeological site was discovered at the construction site.
1446,환경을 보호하기 위해 모두가 노력해야 한다.,Everyone must make an effort to protect the environment.
1447,새로운 시스템을 도입한 후 업무 효율이 높아졌다.,Work efficiency improved after introducing the new system.
1448,대중교통 이용을 권장합니다.,We encourage the use of public transportation.
1449,지난달에 새 아파트로 이사했다.,I moved to a new apartment last month.
1450,그녀는 놀라서 비명을 질렀다.,She screamed in surprise.
1451,시민들의 적극적인 참여가 필요합니다.,Active participation from citizens is needed.
1452,아기가 첫 걸음을 떼었다.,The baby took its first step.
1453,겨우 마감 시간에 맞춰 과제를 제출했다.,I barely submitted the assignment on time.
1454,장마가 끝나고 빨래가 빨리 말랐다.,The laundry dried quickly after the rainy season ended.
1455,오늘 날씨는 비교적 따뜻한 편이다.,Today weather is comparatively warm.
1456,그는 좋은 성적을 받으려고 애썼다.,He made great efforts to get good grades.
1457,올바른 판단을 내리는 것이 중요하다.,It is important to make the right judgment.
1458,책상 위에 편지가 놓여 있었다.,A letter was placed on the desk.
1459,올겨울은 유난히 추운 것 같다.,This winter seems exceptionally cold.
1460,서울에서는 카페를 찾는 것이 흔한 일이다.,Finding a cafe in Seoul is a common thing.
1461,물가가 계속 높아지고 있어서 걱정이다.,I am worried because prices keep getting higher.
1462,부모님이 늙어 가시는 모습을 보면 마음이 아프다.,It hurts to see my parents growing old.
1463,거리의 단위는 킬로미터를 사용합니다.,We use kilometers as the unit of distance.
1464,이 가방은 책이 많아서 무겁다.,This bag is heavy because there are many books in it.
1465,갑자기 비가 오는 바람에 옷이 다 젖었다.,My clothes all got wet as a result of the sudden rain.
1466,현실은 상상과 많이 달랐다.,Reality was very different from imagination.
1467,올해 가계 소득이 조금 늘었다.,Household income increased a little this year.
1468,서울은 대한민국의 수도이다.,Seoul is the capital of South Korea.
1469,그 배우는 악당 역을 맡았다.,That actor took on the role of the villain.
1470,사람들이 환경 문제를 심각하게 인식하기 시작했다.,People began to seriously recognize environmental problems.
1471,이 자는 무슨 뜻인지 모르겠다.,I do not know what this character means.
1472,피곤해서 침대에 눕자마자 잠들었다.,I was so tired that I fell asleep as soon as I lay on the bed.
1473,이 소설은 전체 세 권으로 구성되어 있다.,This novel consists of three volumes in total.
1474,두 나라는 우호적인 관계를 맺었다.,The two countries formed a friendly relationship.
1475,전기차에 대한 수요가 점점 증가하고 있다.,Demand for electric vehicles is gradually increasing.
1476,그는 하룻밤 사이에 스타가 되었다.,He became a star overnight.
1477,벽에 걸린 시계가 멈춰 있었다.,The clock hanging on the wall had stopped.
1478,날씨가 건조해서 입술이 갈라졌다.,My lips cracked because the weather was dry.
1479,가을이 되면 나뭇잎이 빨갛게 변한다.,When autumn comes the leaves turn red.
1480,중간 시험이 다음 주에 있다.,The midterm exam is next week.
1481,훌륭한 지도자는 국민의 신뢰를 얻어야 한다.,A great leader must earn the trust of the people.
1482,천천히 읽어야 내용을 이해할 수 있다.,You need to read slowly to understand the content.
1483,다양한 분야의 전문가들로 팀을 구성했다.,We organized a team of experts from various fields.
1484,대체로 학생들의 반응이 긍정적이었다.,The students reactions were generally positive.
1485,어제는 몹시 더워서 잠을 잘 수 없었다.,It was extremely hot yesterday so I could not sleep.
1486,문득 고향 친구가 보고 싶어졌다.,I suddenly missed my hometown friend.
1487,그는 어릴 때부터 스포츠를 좋아했다.,He has liked sports since he was young.
1488,위원장이 회의 결과를 발표했다.,The chairman announced the results of the meeting.
1489,저기 보이는 건물이 우리 학교입니다.,The building you see over there is our school.
1490,오늘은 특별한 날이니까 외식하자.,Today is a special day so let us eat out.
1491,효과적인 학습 방법을 찾는 것이 중요하다.,It is important to find an effective study method.
1492,학교가 집에서 가까이 있어서 편하다.,It is convenient because the school is close to home.
1493,건강이 예전보다 많이 나았다.,My health has gotten much better than before.
1494,매출이 목표를 넘어섰다.,Sales surpassed the target.
1495,채소를 센 불에 빠르게 볶았다.,I quickly stir-fried the vegetables over high heat.
1496,이 공장은 하루에 천 대의 자동차를 생산한다.,This factory produces a thousand cars per day.
1497,언젠가 유럽 여행을 꼭 가고 싶다.,I definitely want to travel to Europe someday.
1498,그 예술가의 작품은 독창적이다.,That artist work is original.
1499,그의 진짜 의도가 무엇인지 알 수 없다.,I cannot tell what his real intention is.
1500,돌이킬 수 없는 실수를 저질렀다.,I committed an irreversible mistake.
1501,인구가 해마다 줄어들고 있다.,The population is dwindling every year.
1502,가만히 앉아서 음악을 들었다.,I sat quietly and listened to music.
1503,이 건에 대해서는 다시 논의합시다.,Let us discuss this matter again.
1504,그녀는 매주 일요일마다 교회에 간다.,She goes to church every Sunday.
1505,대구는 여름에 특히 더운 도시로 유명하다.,Daegu is famous as a city that is especially hot in summer.
1506,외부 사람의 출입은 금지되어 있습니다.,Entry by outsiders is prohibited.
1507,한두 번 실패해도 포기하지 마세요.,Do not give up even if you fail once or twice.
1508,그는 한때 유명한 가수였다.,He was once a famous singer.
1509,사소한 일에 화를 내지 마세요.,Do not get angry over trivial things.
1510,아이들이 흙으로 성을 만들고 있다.,The children are building a castle with soil.
1511,어린 시절에는 가난했지만 행복했다.,We were poor in childhood but we were happy.
1512,고객의 의견을 적극적으로 반영하겠습니다.,We will actively reflect customer opinions.
1513,그 과학자는 새로운 물질을 발견했다.,The scientist discovered a new substance.
1514,관광 산업이 지역 경제에 큰 도움이 된다.,The tourism industry is a great help to the local economy.
1515,그는 어려운 환경에서도 열심히 살아왔다.,He has lived diligently even in difficult circumstances.
1516,서울의 물가는 상대적으로 높은 편이다.,Prices in Seoul are relatively high.
1517,수술 후 회복하는 데 한 달이 걸렸다.,It took a month to recover after surgery.
1518,유기농 식품의 인기가 높아지고 있다.,The popularity of organic food is increasing.
1519,그 배우의 연기가 정말 감동적이었다.,That actor performance was truly moving.
1520,일월은 한 해의 시작이다.,January is the beginning of the year.
1521,헌법 제1조를 읽어 보세요.,Please read Article 1 of the Constitution.
1522,첫째 아이가 올해 초등학교에 입학한다.,The first child enters elementary school this year.
1523,회원 가입을 하면 할인을 받을 수 있습니다.,You can get a discount if you sign up as a member.
1524,도서관에서 조용히 공부하는 것을 좋아한다.,I like studying quietly at the library.
1525,멀리서 아름다운 노랫소리가 들려왔다.,A beautiful singing voice echoed from far away.
1526,한국어 실력이 조금씩 나아지고 있다.,My Korean skills are improving little by little.
1527,음식에 조미료를 너무 많이 넣지 마세요.,Do not put too much seasoning in the food.
1528,신발 끈이 풀려서 다시 묶었다.,My shoelace came loose so I tied it again.
1529,정부는 강력한 대책을 발표했다.,The government announced powerful countermeasures.
1530,한국 음식에는 마늘이 많이 들어간다.,Korean food uses a lot of garlic.
1531,생일 선물로 책을 받았다.,I received a book as a birthday gift.
1532,일찍 일어나는 습관을 들이고 싶다.,I want to develop the habit of waking up early.
1533,옆집 아주머니가 반찬을 나눠 주셨다.,The lady next door shared some side dishes with us.
1534,혼자 산에 가는 것은 위험하다.,Going to the mountain alone is dangerous.
1535,주차장은 지하 2층에 있습니다.,The parking lot is on the second basement level.
1536,시간을 효율적으로 활용해야 한다.,You must utilize your time efficiently.
1537,할아버지는 매일 정원을 가꾸신다.,Grandfather tends the garden every day.
1538,진로에 대한 고민이 많다.,I have a lot of worries about my career path.
1539,아이가 맨발로 뛰어다니고 있다.,The child is running around barefoot.
1540,새로운 법률이 다음 달부터 시행된다.,The new law will go into effect starting next month.
1541,넘어져서 무릎에 상처가 났다.,I fell and got a wound on my knee.
1542,이 골목은 차가 지나가기에 너무 좁다.,This alley is too narrow for a car to pass through.
1543,출퇴근 시간에 지하철이 매우 붐빈다.,The subway is very crowded during rush hour.
1544,젓가락으로 반찬을 집어 먹었다.,I picked up side dishes with chopsticks and ate them.
1545,현 상황에서는 다른 방법이 없다.,There is no other way in the current situation.
1546,화면이 너무 작아서 글씨가 잘 안 보인다.,The screen is too small so I cannot see the text well.
1547,김 군은 성실한 학생이다.,Mr. Kim is a diligent student.
1548,김치는 한국의 대표적인 음식이다.,Kimchi is a representative Korean food.
1549,만일 내일 비가 오면 행사는 취소됩니다.,If it rains tomorrow the event will be canceled.
1550,빈부 격차는 심각한 사회적 문제이다.,The wealth gap is a serious social problem.
1551,새로운 문화가 자연스럽게 생겨났다.,A new culture naturally emerged.
1552,회의에 이어 간단한 식사가 제공되었다.,A simple meal was provided following the meeting.
1553,요즘은 전업 주부가 줄어드는 추세이다.,The trend these days is that full-time homemakers are decreasing.
1554,과학자들은 진리를 탐구한다.,Scientists seek the truth.
1555,태양이 구름 사이로 빛나고 있다.,The sun is shining through the clouds.
1556,그 사람이 범인임에 틀림없다.,There is no doubt that person is the culprit.
1557,그는 이 분야에서 진정한 프로이다.,He is a true professional in this field.
1558,봄이 되자 벚꽃이 활짝 피었다.,Cherry blossoms bloomed fully when spring came.
1559,식수 공급이 일시적으로 중단되었다.,The water supply was temporarily suspended.
1560,도로 공사로 인해 교통이 혼잡하다.,Traffic is congested due to road construction.
1561,자신의 잘못을 솔직하게 인정했다.,He honestly admitted his mistake.
1562,할머니가 무거운 짐을 등에 지고 계셨다.,Grandmother was carrying a heavy load on her back.
1563,물통에 물을 가득 채웠다.,I filled the water bottle to the top.
1564,일과 생활의 균형을 유지하는 것이 중요하다.,It is important to maintain a balance between work and life.
1565,기본적인 예절은 반드시 지켜야 한다.,Basic manners must be observed.
1566,아프리카에는 다양한 부족이 살고 있다.,Various tribes live in Africa.
1567,사무실에서 회의가 진행 중이다.,A meeting is in progress at the office.
1568,이월에는 날씨가 아직 많이 춥다.,The weather is still very cold in February.
1569,일요일에는 보통 가족과 시간을 보낸다.,I usually spend time with family on Sundays.
1570,이 지역은 차량 접근이 제한되어 있다.,Vehicle access to this area is restricted.
1571,멀리서 아이들이 노는 모습을 지켜보았다.,I watched the children playing from a distance.
1572,그녀는 개성이 강한 사람이다.,She is a person with a strong personality.
1573,벽에 액자가 달려 있다.,A picture frame is hanging on the wall.
1574,추위가 갈수록 더해지고 있다.,The cold is getting worse as time goes on.
1575,오래된 건물이 무너져서 큰 사고가 났다.,An old building collapsed and a major accident occurred.
1576,보통 아침 7시에 일어난다.,I usually wake up at 7 in the morning.
1577,모자를 쓰고 밖으로 나갔다.,I put on a hat and went outside.
1578,이러다가 큰일 나겠다.,If we keep doing this something bad will happen.
1579,자리에서 일어서서 인사했다.,I stood up from my seat and greeted them.
1580,그는 자신의 죄를 뉘우치고 있다.,He is repenting for his crime.
1581,참 오랜만에 만나니 반갑다.,It is really nice to meet after such a long time.
1582,대학 총장이 졸업식에서 축사를 했다.,The university president gave a congratulatory speech at the graduation
ceremony.
1583,문제의 핵심을 정확히 파악해야 한다.,You must accurately grasp the core of the problem.
1584,경기 후반에 역전골이 나왔다.,A comeback goal came in the second half of the game.
1585,이 문제는 단순히 돈의 문제가 아니다.,This problem is not simply a matter of money.
1586,아이가 엄마를 보고 달려갔다.,The child saw the mother and ran toward her.
1587,대통령이 일본을 공식 방문했다.,The president made an official visit to Japan.
1588,서비스에 대한 불만이 접수되었다.,A complaint about the service was received.
1589,새 신발이 발에 맞지 않아 불편하다.,The new shoes do not fit my feet and are uncomfortable.
1590,이 동물원에는 200종이 넘는 동물이 있다.,This zoo has more than 200 species of animals.
1591,손가락을 베어서 피가 났다.,I cut my finger and it bled.
1592,한강은 서울을 가로지르는 강이다.,The Han River is a river that runs through Seoul.
1593,공연장에 관객이 가득 찼다.,The venue was filled with spectators.
1594,막 도착해서 아직 상황을 모르겠다.,I just arrived so I do not know the situation yet.
1595,이 부품의 오차는 1밀리미터 이내여야 한다.,The tolerance of this part must be within 1 millimeter.
1596,서울의 집값은 너무 비싸다.,Housing prices in Seoul are too expensive.
1597,칠판에 적힌 숫자를 확인해 주세요.,Please check the numbers written on the blackboard.
1598,열이 나서 병원에 갔다.,I went to the hospital because I had a fever.
1599,왼쪽으로 돌면 우체국이 보입니다.,If you turn left you will see the post office.
1600,중세 유럽에서는 성이 중요한 역할을 했다.,Castles played an important role in medieval Europe.
1601,택시를 타고 공항까지 갔습니다.,I took a taxi to the airport.
1602,두 회사의 통합이 드디어 이루어졌다.,The unification of the two companies was finally achieved.
1603,계산이 맞는지 다시 확인해 주세요.,Please check again whether the calculation is correct.
1604,강아지가 꼬리를 흔들며 반겨 주었다.,The puppy welcomed me wagging its tail.
1605,그 소식을 듣고 정말 놀라웠다.,I was really surprised to hear that news.
1606,신청 양식을 작성해서 제출하세요.,Please fill out the application form and submit it.
1607,예전에는 이 근처에 논밭이 많았다.,In the old days there were many rice paddies around here.
1608,태풍 때문에 전기가 끊겼다.,The electricity went out because of the typhoon.
1609,요즘 주식 시장이 많이 불안하다.,The stock market has been very unstable lately.
1610,내 예상이 완전히 틀렸다.,My prediction was completely wrong.
1611,그는 끊임없이 새로운 아이디어를 내놓았다.,He constantly came up with new ideas.
1612,그녀는 유명한 패션 모델이다.,She is a famous fashion model.
1613,컵에 물을 부어 주세요.,Please pour water into the cup.
1614,그 정도는 상식으로 알아야 한다.,You should know that much as common sense.
1615,이 상표는 전 세계적으로 유명하다.,This brand is famous worldwide.
1616,바람이 불어서 시원하다.,It is cool because the wind is blowing.
1617,그는 약속을 지키지 아니하였다.,He did not keep his promise.
1618,다른 사람의 시선을 너무 의식하지 마세요.,Do not be too conscious of other people gazes.
1619,고모가 설날에 우리 집에 오셨다.,My paternal aunt came to our house on New Year Day.
1620,결과가 어떻게 되었는지 궁금하다.,I am curious about how the results turned out.
1621,한국은 민주화를 위해 오랫동안 노력해 왔다.,Korea has worked for a long time toward democratization.
1622,그 사건에 대한 보도가 연일 이어졌다.,News reports about the incident continued day after day.
1623,주변을 잘 살피고 길을 건너세요.,Look around carefully before crossing the street.
1624,나는 추위에 약하다.,I am weak against the cold.
1625,제가 잘못했습니다. 죄송합니다.,I made a mistake. I am sorry.
1626,서점에서 패션 잡지를 한 권 샀다.,I bought a fashion magazine at the bookstore.
1627,그는 그 제안을 단호하게 거부했다.,He firmly rejected the proposal.
1628,형은 공무원 시험을 준비하고 있다.,My older brother is preparing for the civil service exam.
1629,건강이 안 좋아서 회사를 그만두었다.,I quit the company because my health was not good.
1630,댁은 어디에 사십니까?,Where do you live if I may ask?
1631,오랜만에 만나니 정말 반갑다.,It is so nice to meet you after such a long time.
1632,잠이 부족하면 집중력이 떨어진다.,If you lack sleep your concentration drops.
1633,내일부터 새로운 제도가 실시된다.,The new system will be enforced starting tomorrow.
1634,그는 자신의 운명을 스스로 개척했다.,He carved out his own fate by himself.
1635,정부의 재정 상태가 점점 악화되고 있다.,The government financial situation is gradually worsening.
1636,비가 이렇게 오면 차라리 집에 있는 게 낫다.,If it rains this much it is better to just stay home.
1637,그는 한국 역사를 연구하는 학자이다.,He is a scholar who studies Korean history.
1638,잘 다녀오세요!,Have a good trip!
1639,벽에 시계를 달았다.,I attached a clock to the wall.
1640,대규모 공사가 시작되었다.,A large-scale construction project has begun.
1641,동 시간대에 두 개의 행사가 열렸다.,Two events were held at the same time.
1642,이 사업은 민간 기업이 운영하고 있다.,This project is operated by a private company.
1643,그 사건은 법원에서 심리 중이다.,That case is being heard in court.
1644,어렸을 때 비디오를 빌려서 영화를 봤다.,When I was young I rented videos to watch movies.
1645,그 계획은 사실상 실패한 것이나 다름없다.,That plan has virtually failed.
1646,부모님은 자식을 위해 돈을 아끼지 않는다.,Parents do not spare money for their children.
1647,이쪽으로 오시면 더 빠릅니다.,It is faster if you come this way.
1648,이 지역은 비무장 지대에 가깝다.,This area is close to the demilitarized zone.
1649,상황을 정확하게 판단해야 한다.,You must judge the situation accurately.
1650,가족과 함께 있을 때 가장 행복하다.,I am happiest when I am with my family.
1651,어머니가 오븐에서 빵을 굽고 계신다.,My mother is baking bread in the oven.
1652,기름 값이 많이 올랐다.,Oil prices have gone up a lot.
1653,계획을 세우는 것보다 실천하는 것이 중요하다.,Putting plans into practice is more important than making them.
1654,갑자기 비가 쏟아지기 시작했다.,It suddenly started pouring rain.
1655,피아노 연습을 매일 두 시간씩 한다.,I practice piano for two hours every day.
1656,오른쪽으로 돌면 우체국이 있습니다.,If you turn to the right there is a post office.
1657,이 분야의 전문 용어를 잘 모르겠다.,I do not know the technical terminology of this field well.
1658,새로운 기술을 빨리 익혀야 한다.,You need to learn the new skills quickly.
1659,지도를 보고 길을 찾았다.,I looked at the map and found the way.
1660,사회적 지위보다 인격이 더 중요하다.,Character is more important than social status.
1661,이 지역은 천연자원이 풍부하다.,This region is abundant in natural resources.
1662,화장실이 어디에 있나요?,Where is the bathroom?
1663,어렸을 때의 일을 잘 기억하고 있다.,I remember things from my childhood well.
1664,전쟁 중에 식량이 부족했다.,There was a shortage of food during the war.
1665,과학 실험 결과가 매우 흥미로웠다.,The results of the science experiment were very interesting.
1666,용기를 내서 진실을 말했다.,I gathered my courage and told the truth.
1667,학생들이 환경 문제에 대해 토론했다.,The students had a debate about environmental issues.
1668,핵 문제는 국제 사회의 큰 관심사이다.,The nuclear issue is a major concern of the international community.
1669,이 식당은 고급 음식을 전문으로 한다.,This restaurant specializes in high-class food.
1670,부모님의 고생을 잊지 말아야 한다.,You must not forget your parents hardships.
1671,그 소식을 듣고 기쁨에 미칠 뻔했다.,I almost went crazy with joy when I heard the news.
1672,실수로 다른 사람의 발을 밟았다.,I accidentally stepped on someone else foot.
1673,이 프로젝트에는 상당한 비용이 든다.,This project costs a considerable amount of money.
1674,밀가루와 달걀을 잘 섞어 주세요.,Please mix the flour and eggs well.
1675,그는 대학을 수석으로 졸업했다.,He graduated from university at the top of his class.
1676,나쁜 습관을 없애려고 노력하고 있다.,I am trying to get rid of bad habits.
1677,오랜 꿈이 드디어 이뤄졌다.,My long-held dream finally came true.
1678,상황에 적절한 대응이 필요하다.,An appropriate response to the situation is needed.
1679,등산객들이 산 정상에 도착했다.,The hikers arrived at the summit of the mountain.
1680,추석에 온 가족이 모여 제사를 지냈다.,The whole family gathered on Chuseok and held a memorial ceremony.
1681,주말에 가족과 함께 여행을 갈 계획이다.,I plan to travel with my family on the weekend.
1682,어른들의 지혜를 배울 점이 많다.,There is much to learn from the wisdom of elders.
1683,지붕 위에 참새 한 마리가 앉아 있다.,A sparrow is sitting on the roof.
1684,면세점에서 화장품을 샀다.,I bought cosmetics at the duty-free shop.
1685,이 나무는 줄기가 아주 굵다.,This tree has a very thick trunk.
1686,방을 깨끗이 청소했다.,I cleaned the room neatly.
1687,신발이 너무 낡아서 새 것을 사야 한다.,The shoes are so worn out that I need to buy new ones.
1688,내년에 대학교에 입학할 예정이다.,I plan to enter university next year.
1689,이 시장에서는 신선한 농산물을 살 수 있다.,You can buy fresh agricultural products at this market.
1690,눈앞에 아름다운 바다가 펼쳐졌다.,A beautiful sea spread out before my eyes.
1691,저는 올해 대학생이 되었습니다.,I became a university student this year.
1692,다음 주에 할머니 댁을 방문할 것이다.,I will visit my grandmother house next week.
1693,가을이 되니 단풍이 붉게 물들었다.,As autumn came the maple leaves turned red.
1694,논리적 사고 능력을 키우는 것이 중요하다.,It is important to develop logical thinking ability.
1695,순서대로 한 명씩 들어오세요.,Please come in one at a time in order.
1696,아무래도 오늘 회의는 취소해야 할 것 같다.,No matter what I think we have to cancel today meeting.
1697,그는 국립 연구소에서 일하고 있다.,He works at a national research institute.
1698,올 여름은 유난히 덥다.,This summer is exceptionally hot.
1699,그는 위대한 업적을 남겼다.,He left behind great achievements.
1700,다음 달에 새 아파트로 이사할 예정이다.,I plan to move to a new apartment next month.
1701,그 기업이 시장을 지배하고 있다.,That company dominates the market.
1702,문 틈으로 차가운 바람이 들어왔다.,Cold wind came in through the gap in the door.
1703,가령 내일 비가 오면 행사는 취소될 것이다.,Supposing it rains tomorrow the event will be canceled.
1704,거대한 빌딩이 하늘 높이 솟아 있었다.,A gigantic building towered high into the sky.
1705,나갈 때 문을 꼭 닫아 주세요.,Please make sure to close the door when you leave.
1706,아이가 엄마 팔에 매달려 있었다.,The child was hanging from the mother arm.
1707,오늘은 친구의 생일이라서 파티를 열었다.,Today is my friend birthday so we threw a party.
1708,제주도는 한국에서 가장 큰 섬이다.,Jeju Island is the largest island in Korea.
1709,영하 10도 이하로 기온이 내려갔다.,The temperature dropped below minus 10 degrees.
1710,내일 회의에 반드시 참석해 주세요.,Please make sure to attend the meeting tomorrow.
1711,신뢰를 토대로 좋은 관계를 만들어야 한다.,You must build a good relationship on the foundation of trust.
1712,이 문제의 해결 방법을 찾아야 한다.,We need to find a solution to this problem.
1713,행복은 멀리 있지 않다.,Happiness is not far away.
1714,학교까지 걸어가는 데 20분 걸린다.,It takes 20 minutes to walk to school.
1715,근로자의 권리를 보호해야 한다.,The rights of workers must be protected.
1716,"글쎄, 그건 좀 더 생각해 봐야 할 것 같아.","Well, I think I need to think about that a bit more."
1717,소방관이 목숨을 걸고 사람들을 구했다.,The firefighter risked his life to save people.
1718,주말에 백화점에서 쇼핑을 했다.,I went shopping at the department store on the weekend.
1719,세상이 빠르게 변화하고 있다.,The world is changing rapidly.
1720,물 한 병 주세요.,Please give me one bottle of water.
1721,교통 체증에서 빠져나가는 데 오래 걸렸다.,It took a long time to get out of the traffic jam.
1722,안녕하세요 그동안 안녕하셨어요?,Hello have you been well?
1723,여론이 그 정책에 반대하는 쪽으로 기울었다.,Public opinion leaned against that policy.
1724,전통 의복을 입고 행사에 참석했다.,I attended the event wearing traditional garments.
1725,아침마다 체조를 하면 건강에 좋다.,Doing gymnastics every morning is good for your health.
1726,비행기가 정시에 출발했다.,The airplane departed on time.
1727,좀 더 현실적인 계획을 세워야 한다.,We need to make a more realistic plan.
1728,그 영화가 요즘 큰 화제가 되고 있다.,That movie has become a big topic of conversation lately.
1729,회의 날짜가 아직 결정되지 않았다.,The meeting date has not been decided yet.
1730,고양이가 소파 위에서 자고 있다.,The cat is sleeping on the sofa.
1731,적의 공격에 대비해야 한다.,We must prepare for the enemy attack.
1732,최근 물가가 많이 올랐다.,Prices have risen a lot recently.
1733,민주주의는 국민의 참여가 중요하다.,Citizen participation is important in democracy.
1734,시험 전에 불안한 마음이 들었다.,I felt uneasy before the exam.
1735,가족은 나에게 가장 소중한 존재이다.,Family is the most precious thing to me.
1736,요즘 시간적 여유가 없다.,I do not have any spare time lately.
1737,그 사건에 대해 아직 의문이 남아 있다.,Doubts still remain about that incident.
1738,저는 중학교 때 농구를 좋아했습니다.,I liked basketball when I was in middle school.
1739,집에서 학교까지 약 5킬로미터이다.,It is about 5 kilometers from home to school.
1740,거센 파도가 해안에 부딪쳤다.,Fierce waves crashed against the shore.
1741,그녀는 흰색 원피스를 입고 있었다.,She was wearing a white dress.
1742,그 가수의 새 앨범이 큰 인기를 끌고 있다.,That singer new album is very popular.
1743,단 한 번의 실수도 용납되지 않는다.,Not even a single mistake is tolerated.
1744,방송국에서 뉴스를 촬영하고 있었다.,They were filming the news at the broadcasting station.
1745,밤하늘에 별이 빛나고 있었다.,Stars were shining in the night sky.
1746,아이가 이불 속에 숨었다.,The child hid under the blanket.
1747,그 기사가 오늘 신문에 실렸다.,That article was printed in today newspaper.
1748,회사에서 압력을 받고 있다.,I am under pressure from the company.
1749,은행에 예금을 넣어 두었다.,I deposited money in the bank.
1750,내일 비가 올 것으로 예상된다.,Rain is expected tomorrow.
1751,아들이 올해 초등학교에 입학했다.,My son entered elementary school this year.
1752,증권 시장이 크게 변동하고 있다.,The securities market is fluctuating greatly.
1753,사고 직후 구급차가 도착했다.,An ambulance arrived immediately after the accident.
1754,이 도로는 대형 차량 통행이 금지되어 있다.,Large vehicles are prohibited from passing on this road.
1755,출산 후 충분한 휴식이 필요하다.,Sufficient rest is needed after childbirth.
1756,강아지가 내 손을 가볍게 물었다.,The puppy gently bit my hand.
1757,한국은 이제 선진국으로 인정받고 있다.,Korea is now recognized as a developed country.
1758,감기에 걸려서 약을 먹었다.,I caught a cold so I took medicine.
1759,어느새 해가 지고 있었다.,Before I knew it the sun was setting.
1760,재판이 다음 달에 시작될 예정이다.,The trial is scheduled to begin next month.
1761,저쪽에 보이는 건물이 도서관입니다.,The building you see over there is the library.
1762,그 교수는 많은 제자를 길러 냈다.,That professor trained many disciples.
1763,창문을 열어서 환기를 시켰다.,I opened the window to ventilate the room.
1764,10초 안에 대답해야 합니다.,You must answer within 10 seconds.
1765,이 피자에 치즈가 듬뿍 들어 있다.,This pizza has plenty of cheese on it.
1766,수술 후 빠른 회복을 기원합니다.,I wish you a speedy recovery after the surgery.
1767,이 구역은 주차가 금지되어 있습니다.,Parking is prohibited in this zone.
1768,정부는 위기에 신속하게 대응했다.,The government responded swiftly to the crisis.
1769,많은 시민들이 그 법안에 반대했다.,Many citizens opposed that bill.
1770,그는 시합에서 실력을 충분히 발휘했다.,He fully displayed his skills in the match.
1771,에너지 소비를 줄여야 한다.,We must reduce energy consumption.
1772,운동을 하면 심장이 빨리 뛴다.,When you exercise your heart beats fast.
1773,아이고 깜짝 놀랐잖아!,Oh my you startled me!
1774,도서관에서는 조용히 해 주세요.,Please be quiet in the library.
1775,정부가 중소기업을 지원하는 정책을 발표했다.,The government announced policies to support small and medium
enterprises.
1776,그 사건과 직접적인 관련이 없다.,It has no direct connection to that incident.
1777,진실은 언젠가 밝혀지게 마련이다.,The truth is bound to come out eventually.
1778,필자는 이 문제에 대해 다른 견해를 가지고 있다.,The author has a different view on this issue.
1779,두 나라 사이의 협력이 강화되고 있다.,Cooperation between the two countries is being strengthened.
1780,가스 불을 끄는 것을 잊지 마세요.,Do not forget to turn off the gas stove.
1781,다양한 계층의 사람들이 참여했다.,People from various social classes participated.
1782,양말에 구멍이 났다.,A hole appeared in my sock.
1783,이 프로젝트의 담당자가 누구입니까?,Who is the person in charge of this project?
1784,어릴 때 만화를 많이 봤다.,I watched a lot of cartoons when I was young.
1785,어머니가 아기에게 우유를 먹이고 있다.,The mother is feeding the baby milk.
1786,다른 사람의 의견을 무시하면 안 된다.,You should not ignore other people opinions.
1787,기자가 사건 현장에서 실시간으로 보도했다.,The reporter reported live from the scene of the incident.
1788,문을 살짝 열고 안을 들여다보았다.,I opened the door slightly and peeked inside.
1789,갑자기 좋은 아이디어가 생각났다.,A good idea suddenly came to mind.
1790,매일 아침 우유 한 잔을 마신다.,I drink a glass of milk every morning.
1791,내년부터 월급 인상이 예정되어 있다.,A salary raise is planned starting next year.
1792,겨울에는 바닥이 너무 차갑다.,The floor is too cold in winter.
1793,그는 준비가 항상 철저하다.,His preparation is always thorough.
1794,태아의 건강을 위해 정기 검진을 받았다.,I had regular checkups for the health of the fetus.
1795,과학자들이 동물의 행동을 관찰했다.,The scientists observed the animals behavior.
1796,괜히 걱정했던 것 같다.,It seems I worried for nothing.
1797,장갑을 끼고 밖에 나갔다.,I put on gloves and went outside.
1798,새가 날개를 펴고 하늘을 날았다.,The bird spread its wings and flew across the sky.
1799,이 녀석 또 장난을 치고 있구나!,This fellow you are playing pranks again!
1800,그녀의 눈빛에서 강한 의지가 느껴졌다.,A strong determination could be felt in the glitter of her eyes.
1801,우리 단지에는 놀이터와 편의점이 있다.,Our apartment complex has a playground and a convenience store.
1802,물속에서 물고기들이 자유롭게 헤엄치고 있었다.,Fish were swimming freely inside the water.
1803,민주 사회에서는 모든 국민이 평등한 권리를 가진다.,In a democratic society all citizens have equal rights.
1804,꾸준히 노력하면 반드시 성공할 수 있다.,If you make steady efforts you can definitely succeed.
1805,할아버지 집 앞마당에 큰 소나무가 한 그루 서 있다.,A large pine tree stands in the front yard of my
grandfather house.
1806,봄이 되자 여기저기 꽃이 피기 시작했다.,When spring came flowers started blooming here and there.
1807,그 여인은 긴 머리카락을 바람에 날리며 걸어갔다.,The woman walked along with her long hair blowing in the
wind.
1808,그녀는 작은 카페를 직접 운영하고 있다.,She manages a small cafe herself.
1809,선생님은 학생들의 발표를 공정하게 평가했다.,The teacher evaluated the students presentations fairly.
1810,지하철역에서 표를 사서 개찰구를 통과했다.,I bought a ticket at the subway station and passed through the
gate.
1811,외국어 교육의 필요성이 점점 커지고 있다.,The necessity of foreign language education is growing.
1812,그는 슬픈 감정을 웃음 뒤에 감추었다.,He concealed his sad feelings behind a smile.
1813,우리는 제주도에서 삼 일 동안 머물렀다.,We stayed in Jeju Island for three days.
1814,어떤 부위의 고기를 원하시나요?,Which part of the meat would you like?
1815,여행을 가기 전에 냉장고를 비워야 한다.,You need to empty the refrigerator before going on a trip.
1816,학교 앞에 새로운 신호등을 설치했다.,A new traffic light was installed in front of the school.
1817,십일월이 되면 날씨가 갑자기 추워진다.,When November comes the weather suddenly gets cold.
1818,어머니가 김밥을 예쁘게 싸서 도시락에 넣어 주셨다.,My mother wrapped kimbap neatly and put it in my lunchbox.
1819,이번 행사에서는 전시회와 아울러 공연도 함께 진행됩니다.,At this event an exhibition and a performance will
be held together.
1820,상사의 지시에 따라 보고서를 다시 작성했다.,I rewrote the report according to my supervisor orders.
1821,좋은 습관을 형성하는 데에는 시간이 걸린다.,It takes time to form good habits.
1822,우리 형제는 모두 세 명이다.,There are three of us brothers and sisters in total.
1823,그녀는 화려한 드레스를 입고 파티에 나타났다.,She appeared at the party wearing a splendid dress.
1824,아침마다 거울을 보며 머리를 정리한다.,Every morning I look in the mirror and fix my hair.
1825,그는 설명을 마친 후 한마디를 덧붙였다.,After finishing his explanation he added one more remark.
1826,몇몇 학생들이 방과 후에 남아서 공부했다.,Several students stayed after school to study.
1827,그 나라는 핵무기 개발을 중단하겠다고 선언했다.,That country declared it would stop developing nuclear
weapons.
1828,그 과학자는 세계적으로 유명한 연구자이다.,That scientist is an internationally renowned researcher.
1829,운전할 때는 항상 안전에 주의해야 한다.,You must always pay attention to safety when driving.
1830,양파를 썰 때마다 눈물이 난다.,My eyes water every time I cut an onion.
1831,컴퓨터에 이상이 생겨서 수리를 맡겼다.,Something went wrong with my computer so I had it repaired.
1832,이것은 일종의 실험이라고 할 수 있다.,You could say this is a kind of experiment.
1833,그의 어려운 처지를 이해할 수 있었다.,I could understand his difficult circumstances.
1834,영화 촬영이 우리 동네에서 진행되었다.,The film shooting took place in our neighborhood.
1835,캠프파이어에서 장작이 활활 타고 있었다.,Firewood was blazing brightly at the campfire.
1836,날씨가 추워서 히터를 틀었다.,It was cold so I turned on the heater.
1837,가정 형편이 어려워서 장학금을 신청했다.,I applied for a scholarship because my family financial situation
was difficult.
1838,여름에는 가지로 다양한 요리를 만들 수 있다.,In summer you can make various dishes with eggplant.
1839,눈을 감고 깊이 숨을 쉬어 보세요.,Try closing your eyes and breathing deeply.
1840,한국 음식에는 고추가 많이 들어간다.,Korean food uses a lot of red pepper.
1841,모든 학생은 학교 규칙을 지켜야 한다.,All students must follow the school rules.
1842,문제의 본질을 파악하는 것이 가장 중요하다.,Understanding the essence of the problem is most important.
1843,호수에 달빛이 비치고 있었다.,Moonlight was shining on the lake.
1844,아침에 빵 한 조각과 우유를 먹었다.,I had a slice of bread and milk in the morning.
1845,해가 서서히 산 뒤로 지고 있었다.,The sun was slowly setting behind the mountain.
1846,스승의 가르침을 평생 잊지 못할 것이다.,I will never forget my teacher teachings for the rest of my life.
1847,조선 시대에는 신분에 따라 차별이 심했다.,In the Joseon era discrimination based on social position was
severe.
1848,내년부터 새로운 교육 정책이 실시될 예정이다.,A new education policy is scheduled to be enforced starting
next year.
1849,아마도 내일 비가 올 것 같다.,It will probably rain tomorrow.
1850,할머니는 안방에서 텔레비전을 보고 계셨다.,Grandmother was watching television in the inner room.
1851,감기를 심하게 앓아서 일주일이나 쉬었다.,I was so sick with a cold that I rested for a whole week.
1852,어제 친구를 만나서 저녁을 같이 먹었다.,I met a friend yesterday and had dinner together.
1853,그는 오직 가족만을 위해 열심히 일했다.,He worked hard solely for his family.
1854,밤에 혼자 산길을 걷는 것은 위험하다.,Walking on a mountain path alone at night is dangerous.
1855,자신을 믿고 최선을 다해 보세요.,Believe in yourself and do your best.
1856,잠시 기다려 주시면 바로 확인해 드리겠습니다.,If you wait for a moment I will check it for you right away.
1857,대학교를 졸업한 후에 바로 취직했다.,I got a job right after graduating from university.
1858,경찰은 범인의 증거를 찾기 위해 수사했다.,The police investigated to find evidence of the criminal.
1859,이번 회의의 초점은 예산 문제였다.,The focus of this meeting was the budget issue.
1860,이 가격에는 세금이 포함되어 있습니다.,Tax is included in this price.
1861,한국의 옛이야기에는 호랑이가 자주 등장한다.,Tigers frequently appear in old Korean folktales.
1862,정부는 국가 안보를 강화하기로 결정했다.,The government decided to strengthen national security.
1863,그 영화는 관객에게 극심한 공포를 안겨 주었다.,That movie instilled extreme fear in the audience.
1864,그 교수는 자기 분야에서 권위를 인정받고 있다.,That professor is recognized as an authority in his field.
1865,오늘은 어제보다 덜 춥다.,Today is less cold than yesterday.
1866,중요한 일을 내일로 미루지 마세요.,Do not postpone important things until tomorrow.
1867,이 건물은 본래 학교였지만 지금은 박물관이다.,This building was originally a school but now it is a museum.
1868,어머니가 부엌에서 저녁 준비를 하고 계신다.,My mother is preparing dinner in the kitchen.
1869,월급에서 세금을 제외하면 실수령액이 줄어든다.,If you deduct taxes from your salary the take-home pay
decreases.
1870,현재 경제 실정을 정확히 파악해야 한다.,We need to accurately grasp the actual economic situation.
1871,건강을 위해 영양이 풍부한 음식을 먹어야 한다.,You should eat nutritious food for your health.
1872,정신 건강은 육체 건강만큼 중요하다.,Mental health is just as important as physical health.
1873,건물 입구에서 친구를 기다렸다.,I waited for my friend at the entrance of the building.
1874,아이가 잔뜩 겁먹은 표정으로 서 있었다.,The child was standing with an extremely frightened expression.
1875,문제 해결을 위해 적극 참여해 주세요.,Please actively participate in solving the problem.
1876,하루에 최소한 여덟 시간은 자야 한다.,You should sleep at least eight hours a day.
1877,창문 밖으로 넓은 들판이 펼쳐져 있었다.,A wide field stretched out beyond the window.
1878,외국에서 다양한 문화를 경험했다.,I experienced various cultures while abroad.
1879,그이는 항상 밝은 미소를 짓는 사람이었다.,That person was someone who always wore a bright smile.
1880,폭우로 강물이 넘쳐서 마을이 침수되었다.,The river overflowed due to heavy rain and the village was flooded.
1881,아침에 늦게 일어나서 버스를 놓쳤다.,I woke up late in the morning and missed the bus.
1882,공장에서 나오는 연기가 대기를 오염시킨다.,Smoke from factories pollutes the atmosphere.
1883,한국은 1945년에 독립을 되찾았다.,Korea regained its independence in 1945.
1884,머릿속으로 내일 발표 내용을 정리했다.,I organized the contents of tomorrow presentation in my head.
1885,우리 집은 서울의 북쪽에 위치해 있다.,Our house is located in the northern part of Seoul.
1886,시험 결과를 기다리는 동안 마음이 불안했다.,I felt anxious while waiting for the exam results.
1887,한국에서는 추석에 쇠고기를 많이 먹는다.,In Korea people eat a lot of beef during Chuseok.
1888,교통 규칙 위반으로 벌금을 내야 했다.,I had to pay a fine for a traffic violation.
1889,요즘은 현금보다 카드로 결제하는 사람이 더 많다.,These days more people pay by card than with cash.
1890,그는 평생 동안 교육에 헌신했다.,He devoted his entire lifetime to education.
1891,이 규정은 모든 직원에게 해당한다.,This regulation applies to all employees.
1892,회사 간부들이 모여 중요한 회의를 했다.,The company executives gathered for an important meeting.
1893,사람마다 행복에 대한 관념이 다르다.,Every person has a different notion of happiness.
1894,오늘 콘서트는 굉장히 감동적이었다.,Today concert was very moving.
1895,매일 새로운 단어를 열 개씩 외우고 있다.,I am memorizing ten new words every day.
1896,추운 밤에 두꺼운 이불을 덮고 잤다.,On the cold night I slept covered with a thick blanket.
1897,모르는 문제가 있으면 제가 도와줄게요.,If there is a problem you do not understand I will help you.
1898,새로운 기술의 도입으로 생산성이 높아졌다.,Productivity increased with the introduction of new technology.
1899,그는 트럭을 능숙하게 몰았다.,He drove the truck skillfully.
1900,그 배우는 연기력이 뛰어나서 상을 받았다.,That actor received an award for outstanding acting skills.
1901,손전등으로 어두운 길을 비추며 걸었다.,I walked along shining a flashlight on the dark path.
1902,새 신발을 사서 기분이 좋았다.,I felt good after buying new shoes.
1903,냉장고에 달걀 알이 몇 개 남아 있다.,There are a few eggs left in the refrigerator.
1904,그 회사는 기술 개발에서 경쟁사보다 앞서고 있다.,That company is ahead of its competitors in technology
development.
1905,경제적 여건이 나아지면 유학을 가고 싶다.,If the financial conditions improve I want to study abroad.
1906,오래전에 읽은 책인데 내용이 아직도 기억난다.,It is a book I read a long time ago but I still remember the
content.
1907,이 시험에 응시하려면 특별한 자격이 필요하다.,You need special qualifications to take this exam.
1908,정부는 물가 통제를 위해 새 정책을 발표했다.,The government announced a new policy for price control.
1909,엘리베이터 대신 계단을 이용하면 건강에 좋다.,Using the stairs instead of the elevator is good for your
health.
1910,할머니가 담근 김치가 가장 맛있다.,The kimchi my grandmother made is the most delicious.
1911,그녀는 내 말에 고개를 끄덕이며 동의했다.,She nodded her head in agreement with what I said.
1912,처음 방문한 도시라서 모든 것이 낯설었다.,It was my first time visiting the city so everything felt
unfamiliar.
1913,이 건물의 높이는 약 백 미터이다.,The height of this building is about one hundred meters.
1914,그 아이는 어머니를 많이 닮았다.,That child closely resembles his mother.
1915,마음속으로 항상 감사하게 생각하고 있다.,I am always grateful deep in my heart.
1916,그의 실력은 전문가 못지않다.,His skills are just as good as a professional.
1917,이 소설은 현대 사회의 문제를 잘 반영하고 있다.,This novel reflects the problems of modern society well.
1918,넘어져서 팔 뼈에 금이 갔다.,I fell and got a crack in my arm bone.
1919,아이들은 사랑을 받으며 건강하게 성장해야 한다.,Children should grow up healthy while receiving love.
1920,그 선수는 어느 팀에 소속되어 있나요?,Which team does that player belong to?
1921,이 도로는 고속도로와 연결되어 있다.,This road is connected to the highway.
1922,시장에서 장사를 하는 사람들이 많았다.,There were many people doing business at the market.
1923,이 영화는 제작 기간이 삼 년이나 걸렸다.,The production of this movie took as long as three years.
1924,이 도로에는 속도 제한이 있으니 주의하세요.,There is a speed limit on this road so please be careful.
1925,축구 선수가 공을 세게 차서 골을 넣었다.,The soccer player kicked the ball hard and scored a goal.
1926,정부는 새로운 사업의 추진을 발표했다.,The government announced the drive for a new project.
1927,술을 너무 많이 마셔서 많이 취했다.,I drank too much alcohol and got very drunk.
1928,된장은 콩으로 만든 한국 전통 음식이다.,Doenjang is a traditional Korean food made from beans.
1929,그녀는 깊은 한숨을 쉬며 걱정스러운 표정을 지었다.,She let out a deep sigh with a worried expression.
1930,공항에서 가족과 헤어지는 것이 가장 슬펐다.,Parting from my family at the airport was the saddest thing.
1931,인터넷으로 새 노트북을 구입했다.,I purchased a new laptop online.
1932,하늘을 자유롭게 나는 새를 보며 감탄했다.,I admired the birds flying freely in the sky.
1933,산 너머에 작은 마을이 있다.,There is a small village beyond the mountain.
1934,그 문제는 여간 어려운 게 아니었다.,That problem was extremely difficult.
1935,졸업 후 취업 자금 마련이 가장 큰 고민이었다.,Preparing funds for employment after graduation was my biggest
concern.
1936,운동을 안 하니까 살이 점점 찌고 있다.,I keep gaining weight because I am not exercising.
1937,선장이 승객들에게 안전 안내를 했다.,The captain gave safety instructions to the passengers.
1938,커피에 설탕을 넣지 않고 마시는 것을 좋아한다.,I like drinking coffee without adding sugar.
1939,아이들의 순수한 눈빛이 인상적이었다.,The children pure eyes were impressive.
1940,그녀는 자신만의 독특한 스타일을 가지고 있다.,She has her own unique style.
1941,지금이 변화를 시작할 가장 좋은 시점이다.,Now is the best point in time to start a change.
1942,이 가게는 다른 곳보다 물건이 싸다.,This store goods are cheaper than other places.
1943,회의에서 자신의 의사를 분명히 밝혔다.,He clearly expressed his intention at the meeting.
1944,시끄러운 환경에서는 집중이 잘 안 된다.,It is hard to concentrate in a noisy environment.
1945,프로그래머가 오류를 찾기 위해 코드를 검토했다.,The programmer reviewed the code to find errors.
1946,큰일 났다! 지갑을 잃어버렸다.,This is serious! I lost my wallet.
1947,거짓말을 하면 결국 들키기 마련이다.,If you tell a lie it is bound to be found out eventually.
1948,그 학생의 실력은 정말 대단하다.,That student abilities are truly remarkable.
1949,도와주셔서 대단히 감사합니다.,Thank you extremely much for your help.
1950,좁은 골목에서 옛 친구와 마주 만났다.,I came face to face with an old friend in a narrow alley.
1951,독서를 통해 세계관이 넓어질 수 있다.,Your worldview can broaden through reading.
1952,겨울이 되자 세상이 온통 하얗게 변했다.,When winter came the world turned entirely white.
1953,부모에게만 의존하지 말고 스스로 노력해야 한다.,You should not depend only on your parents but make an effort
on your own.
1954,계약서를 자세히 읽어 본 후에 서명하세요.,Please sign after reading the contract in detail.
1955,오늘 점심은 회사 근처 식당에서 먹었다.,I had lunch at a restaurant near the office today.
1956,약속 시간에 정확히 도착해 주세요.,Please arrive exactly at the appointment time.
1957,하루 종일 일해서 몸이 지쳤다.,I was exhausted from working all day long.
1958,요즘 많은 청년들이 창업에 도전하고 있다.,These days many young people are taking on the challenge of
starting businesses.
1959,너무 뜨거운 국을 먹어서 혀를 데었다.,I burned my tongue from eating soup that was too hot.
1960,정부는 복지 혜택을 확대할 계획이다.,The government plans to expand welfare benefits.
1961,스테이크 위에 후춧가루를 뿌려 주세요.,Please sprinkle ground pepper on the steak.
1962,도시 외곽에 새로운 아파트 단지를 건설하고 있다.,They are constructing a new apartment complex on the
outskirts of the city.
1963,기업의 경쟁력을 높이려면 혁신이 필요하다.,Innovation is needed to increase a company competitiveness.
1964,마침 그 사람도 같은 식당에 있었다.,As it happened that person was also at the same restaurant.
1965,신용이 좋아야 은행에서 대출을 받을 수 있다.,You need good credit to get a loan from the bank.
1966,오랜만에 고등학교 친구에게서 연락이 왔다.,I received a message from a high school friend after a long time.
1967,마라톤을 뛴 후 온몸이 아팠다.,My whole body ached after running the marathon.
1968,오래 살다 보니 이 동네에 정이 들었다.,After living here for a long time I became attached to this
neighborhood.
1969,정신적 스트레스가 건강에 나쁜 영향을 미친다.,Mental stress has a bad effect on health.
1970,감기 증상이 나타나면 빨리 약을 먹어야 한다.,You should take medicine quickly when cold symptoms appear.
1971,유명 배우가 새 드라마에 출연할 예정이다.,A famous actor is scheduled to appear in a new drama.
1972,요리할 때 잘 드는 칼이 있으면 편리하다.,A sharp knife is convenient when cooking.
1973,일을 한꺼번에 하려고 하면 실수가 생긴다.,If you try to do everything all at once mistakes will happen.
1974,강제로 시키면 오히려 반발심만 생긴다.,If you force someone by compulsion it only creates resistance.
1975,횡단보도에서 신호를 확인한 후 길을 건넜다.,I checked the signal at the crosswalk and then crossed the
street.
1976,알람 소리에 아침 여섯 시에 깼다.,I woke up at six in the morning to the sound of the alarm.
1977,주말에 아버지와 함께 바다로 낚시를 갔다.,On the weekend I went fishing at the sea with my father.
1978,그는 조심스럽게 고양이에게 다가갔다.,He carefully approached the cat.
1979,친구에게 문자를 보내서 약속을 잡았다.,I sent a text message to my friend and made plans.
1980,아이의 옷에 초콜릿이 묻어 있었다.,Chocolate was stained on the child clothes.
1981,이 문제는 의사소통 부족에서 비롯된 것이다.,This problem originated from a lack of communication.
1982,그 영화의 마지막 장면이 너무 슬펐다.,The last scene of that movie was very sad.
1983,신부가 아름다운 웨딩드레스를 입고 입장했다.,The bride entered wearing a beautiful wedding dress.
1984,그의 의견은 매우 중요하게 여겨진다.,His opinion is regarded as very important.
1985,한국에서는 오징어를 다양한 방식으로 요리한다.,In Korea squid is cooked in various ways.
1986,버스 요금이 내년부터 인상될 예정이다.,Bus fares are scheduled to increase starting next year.
1987,부모님께 매달 용돈을 받아서 저축하고 있다.,I receive pocket money from my parents every month and save it.
1988,건강을 위해 채소 위주의 식단을 유지하고 있다.,I maintain a vegetable-centered diet for my health.
1989,회의 중에 음료를 준비해 놓았습니다.,We have prepared beverages for the meeting.
1990,오래된 의자가 부서져서 새 것을 샀다.,The old chair broke so I bought a new one.
1991,물리 시간에 전자의 움직임에 대해 배웠다.,In physics class we learned about the movement of electrons.
1992,그 이야기는 오래전부터 전해져 내려오고 있다.,That story has been handed down from a long time ago.
1993,디지털 시대로의 전환이 빠르게 진행되고 있다.,The transition to the digital age is progressing rapidly.
1994,일이 너무 많아서 쓰러질 지경이었다.,There was so much work that I was on the verge of collapsing.
1995,공사가 계획대로 순조롭게 진행되고 있다.,Construction is progressing smoothly as planned.
1996,여행할 때 항상 카메라를 가지고 다닌다.,I always carry a camera when I travel.
1997,허리 통증이 심해서 병원에 갔다.,I went to the hospital because my back pain was severe.
1998,이 앱은 사용하기 정말 편리하다.,This app is really convenient to use.
1999,도시를 가로지르는 하천이 깨끗하게 정비되었다.,The river running through the city was cleaned up neatly.
2000,요즘은 현금을 가지고 다니는 사람이 거의 없다.,These days almost nobody carries cash around.